user,last_login,ip_region
alex.morgan,2025-03-26,IN
sarah.chen,2025-03-27,IN
user,last_login,ip_region
alex.morgan,2025-03-26,IN
sarah.chen,2025-03-27,IN
user,last_login,ip_region
alex.morgan,2025-03-26,IN
sarah.chen,2025-03-27,IN
user,last_login,ip_region
alex.morgan,2025-03-26,IN
sarah.chen,2025-03-27,IN
user,last_login,ip_region
alex.morgan,2025-03-26,IN
sarah.chen,2025-03-27,IN
user,last_login,ip_region
alex.morgan,2025-03-26,IN
sarah.chen,2025-03-27,IN
user,last_login,ip_region
alex.morgan,2025-03-26,IN
sarah.chen,2025-03-27,IN
user,last_login,ip_region
alex.morgan,2025-03-26,IN
sarah.chen,2025-03-27,IN
